<author lang="es">
	<documents>
		<document><![CDATA[El agua 'desborda' Navarra: estos son los lugares y las horas en las que se prevén las inundaciones #URL#]]></document>
		<document><![CDATA[Netflix paga menos impuestos en España que un mileurista: 3.146 euros en 2018 #URL#]]></document>
		<document><![CDATA[Terremoto de 3,4 grados de magnitud en Cádiz #URL#]]></document>
		<document><![CDATA[Esto está pasando ahora en San%20Fernando,%20Espa%C3%B1a #URL#]]></document>
		<document><![CDATA[Ciberataque a Europa: La Ser, Everis y otras empresas bloqueadas por ransomware #URL#]]></document>
		<document><![CDATA[RT #USER#: Te pedimos un minutito para que votes nuestro proyecto en la  VIII Edición de Implicados y Solidarios de #USER#. Si somos u…]]></document>
		<document><![CDATA[Del “juega con responsabilidad” al “no deja huella” - La Barandilla #URL#]]></document>
		<document><![CDATA[RT #USER#: #HASHTAG# ⚠ • #HASHTAG# | 
08 Mayo 2018 • #HASHTAG# - #HASHTAG# puntualmente #HASHTAG# con #HASHTAG#, informa #USER#…]]></document>
		<document><![CDATA[Urgente: Ayuda a Indonesia tras el Tsunami #URL#]]></document>
		<document><![CDATA[RT #USER#: #HASHTAG#-Europe18: Ejercicio para preparar el sector de la aviación frente a una crisis de ciberseguridad. #URL#]]></document>
		<document><![CDATA[RT #USER#: Registrado un nuevo terremoto en la provincia de Cádiz, de 2,6 grados y epicentro en Olvera

#URL#]]></document>
		<document><![CDATA[Los inmigrantes abrigan a los sin techo en Jerez #URL#]]></document>
		<document><![CDATA[Asturias registra 106,7 casos de gripe por 100.000 habitantes en la última semana #URL#]]></document>
		<document><![CDATA[La asociación Ánfora celebra la gala benéfica ‘Regálame una sonrisa: ningún niño sin juguete’ #URL#]]></document>
		<document><![CDATA[Grupo Nacional de Apoyo - Grupo Teaming #URL#]]></document>
		<document><![CDATA[RT #USER#: Detenido un hombre en #HASHTAG#, que permanecía atrincherado en su vivienda y amenazaba con suicidarse tras una supuesta agres…]]></document>
		<document><![CDATA[RT #USER#: Te recordamos cómo deben viajar los menores 🧒🧒en los vehículos de cuatro ruedas 🚗🚙👉 En los asientos traseros, en su correspondie…]]></document>
		<document><![CDATA[Cashback y descuento en FNAC #URL#]]></document>
		<document><![CDATA[Rebélate en contra de la violencia #URL#]]></document>
		<document><![CDATA[Europa comprueba la aplicación del protocolo de contención de la 'Xylella' en los puertos y aeropuertos baleares #URL#]]></document>
		<document><![CDATA[Este botón te va a salvar la vida si vas en coche y tienes un accidente #URL#]]></document>
		<document><![CDATA[La escasez de sangre empuja al SAS a hacer un llamamiento urgente de donaciones #URL#]]></document>
		<document><![CDATA[APDHA Sevilla exige la absolución para quienes demandaron el derecho a la vivienda en el pleno del ayuntamiento de Sevilla hace dos años #URL#]]></document>
		<document><![CDATA[Personas mayores solas en Navidad... ¿A quién le importa? #URL#]]></document>
		<document><![CDATA[RT #USER#: Agentes de la #USER# realizan un gran trabajo en #HASHTAG# al intervenir dos furgonetas en las que se transportaba 2…]]></document>
		<document><![CDATA[La Asociación Europea de Ciudadanos contra la Corrupción amplía su denuncia ante el Consejo de Europa a la Administración de Justicia Española #URL#]]></document>
		<document><![CDATA[Trabajadores de centros de menores piden que actúen frente agresiones #URL#]]></document>
		<document><![CDATA[Alerta naranja en Málaga por fenómenos costeros #URL#]]></document>
		<document><![CDATA[Meningitis: nueva vacuna contra el meningococo B #URL#]]></document>
		<document><![CDATA[El temporal causa estragos en todas las Islas Canarias #URL#]]></document>
		<document><![CDATA[Sanciones "desconocidas" que pueden costar hasta 2.400€ #URL#]]></document>
		<document><![CDATA[Más de 50 horas para ser atendidos en urgencias en Málaga #URL#]]></document>
		<document><![CDATA[Las cámaras para el tranvía de San Fernando incumplen la protección de datos #URL#]]></document>
		<document><![CDATA[El Estado se quedará este año su sueldo desde el 1 de enero hasta hoy #URL#]]></document>
		<document><![CDATA[RT #USER#: El  aumento del uso de la bicicleta también ha incrementado la siniestralidad. ¿Creéis que es necesario abordar diferentes…]]></document>
		<document><![CDATA[¡Quiero uno para mí! He participado para ganar uno de los 5 Google Home que se sortean con #HASHTAG#! ¿Tú también quieres uno? ¡Participa ahora! #URL#]]></document>
		<document><![CDATA[Intensifican las inspecciones a los establecimientos hosteleros #URL#]]></document>
		<document><![CDATA[El calor dispara los niveles de alergia en España #URL#]]></document>
		<document><![CDATA[Las provincias con más inmigrantes son las que más crecen y logran mayor renta #URL#]]></document>
		<document><![CDATA[Edición Navidad - Navidad - Blog de DORA LILY MEZA ACOSTA de Thermomix® Cádiz #URL#]]></document>
		<document><![CDATA[Llega 'Félix', una borrasca atlántica que pasará por agua este fin de semana a toda España #URL#]]></document>
		<document><![CDATA[Firma la petición y súmate a la Declaración Mundial por la Investigación en Cáncer #USER# #HASHTAG# #URL#]]></document>
		<document><![CDATA[Un catálogo de supermercado le sirve al doctor Libinstone para analizar el pase a semifinales #URL#]]></document>
		<document><![CDATA[¡Acabo de hacerme socio de #USER#! #URL#]]></document>
		<document><![CDATA[Su labor y fines, sobretodo en estos tiempos]]></document>
		<document><![CDATA[Alerta ante el "lazo libanés", la última estafa en los cajeros #URL#]]></document>
		<document><![CDATA[Los 5 grandes cambios para sacarse el carné de conducir en 2018 #URL#]]></document>
		<document><![CDATA[¿Tienes 1 minuto para ayudar a Ignacio Lapaz Núñez? #URL#]]></document>
		<document><![CDATA[Seísmo en Cádiz y Málaga #URL#]]></document>
		<document><![CDATA[El miedo a las batas rosas o cómo educar contra la libertad #URL#]]></document>
		<document><![CDATA[La mitad de los autónomos españoles no se irá de vacaciones este verano #URL#]]></document>
		<document><![CDATA[Imputadas diez personas en 2018 por denuncias falsas o simular delitos para cobrar la indemnización #URL#]]></document>
		<document><![CDATA[Tres vigilantes de seguridad reciben una brutal paliza en un tren de Rodalies #URL#]]></document>
		<document><![CDATA[Desarrollan nuevas vías para el tratamiento del ictus #URL#]]></document>
		<document><![CDATA[Importante hallazgo arqueológico: Confirmada la existencia del canal que dividía Gadir y Gades #URL#]]></document>
		<document><![CDATA['Flores en la Basura', una cinta devastadora sobre la crisis y sus cicatrices #URL#]]></document>
		<document><![CDATA[El paro cae en 4.253 personas, la menor bajada en un mes de julio desde 2008 #URL#]]></document>
		<document><![CDATA[Le cae una palmera en un chiringuito y se repone con vino blanco #URL#]]></document>
		<document><![CDATA[¡Acabo de hacerme socio de #USER#! #URL#]]></document>
		<document><![CDATA[Protección Civil activa el Plan Estatal de Inundaciones #URL#]]></document>
		<document><![CDATA[Apoya a Ignacio Lapaz en la campaña 'Ministra de Sanidad: ¡Necesitamos un Plan Nacional de Prevención del Suicidio!'. #URL#]]></document>
		<document><![CDATA[RT #USER#: La Dirección General de Seguridad y Emergencias del Gobierno de Canarias declara #HASHTAG# en #HASHTAG# #HASHTAG#…]]></document>
		<document><![CDATA[Un adelantamiento captado por un helicóptero que "pone los pelos de punta" a la DGT #URL#]]></document>
		<document><![CDATA[Trailler de Lysístrata (2.500 años no es nada), de la Compañía de Teatro "Las Niñas de Cádiz" #URL#]]></document>
		<document><![CDATA[El temporal arrasa la protectora de animales 'K-Project' que pide ayuda "urgentísima" #URL#]]></document>
		<document><![CDATA[Formulario de Inscripción #URL#]]></document>
		<document><![CDATA[Queda con una joven a través de una app de contactos y la droga para abusar de ella sexualmente #URL#]]></document>
		<document><![CDATA[RT #USER#: Si eres ciclista urbano te interesará esta infografía en la que se recogen las principales normas de la circulación de #HASHTAG#…]]></document>
		<document><![CDATA[Salvaje agresión en Algeciras a una mujer para robarle el bolso #URL#]]></document>
		<document><![CDATA[RT #USER#: Este es el equipo de la #USER# celebrando que, un año más, ha pasado a semifinales. El único equipo español que supera la r…]]></document>
		<document><![CDATA[Han caído dos. Por eso muchas veces el instinto me pita y cuando eso pasa lo que hago es contar lo que en estos casos ellas, quieren escuchar. Caen como mosquitos, y se creen que igual hacen daño haciendo lo que... #URL#]]></document>
		<document><![CDATA[así te pueden robar en la Playa de Las Canteras, Gran Canaria #URL#]]></document>
		<document><![CDATA[Quizá tú eres el problema #URL#]]></document>
		<document><![CDATA[«En Cataluña no necesitamos más andaluces, si necesitamos mano de obra válida los latinos os dan mil vueltas» #URL#]]></document>
		<document><![CDATA[Firma la petición #URL#]]></document>
		<document><![CDATA[Condenado un hombre por 54 años por abusos sexuales a cinco hermanos #URL#]]></document>
		<document><![CDATA[Al menos un muerto en un tiroteo en un instituto de Florida #URL#]]></document>
		<document><![CDATA[Un joven denuncia la discriminación TERF a través de un duro relato que sufrió su hermana transexual fallecida: "No son feministas" #URL#]]></document>
		<document><![CDATA[España recibirá más de tres millones de euros de ayuda europea por los incendios de Galicia #URL#]]></document>
		<document><![CDATA[Septicemia, la infección por la que perdí la nariz y las piernas #URL#]]></document>
		<document><![CDATA[Despedido un vigilante del Metro por dar una brutal paliza a un hombre negro en Avenida de América #URL#]]></document>
		<document><![CDATA[Un rastreo de las ayudas sociales desmonta el discurso de que los inmigrantes "tienen más facilidades de acceso" que los españoles #URL#]]></document>
		<document><![CDATA[RT #USER#: Hola, necesito ayuda. He perdido la prótesis de brazo de mi hijo en Sevilla, entre el Hospital Virgen del Rocío y la facultad d…]]></document>
		<document><![CDATA[Si ves esto, aléjate: la Guardia Civil alerta de un peligroso y extendido método para robar #URL#]]></document>
		<document><![CDATA[Seis nuevos detenidos en Cádiz acusados de estafar por internet #URL#]]></document>
		<document><![CDATA[Convocatoria manifestación ‘Por una vida digna: derechos para tod#USER#’ – Coordinadora Andaluza de ONGD #URL#]]></document>
		<document><![CDATA[Firma ahora 👉Lucha mundial contra la ELA - No podemos esperar #URL#]]></document>
		<document><![CDATA[En las próximas elecciones: Haz tu campaña y combate los discursos de odio #URL#]]></document>
		<document><![CDATA[RT #USER#: Los controles policiales pueden servir para sacar de la carretera a una persona borracha antes de que provoque un accident…]]></document>
		<document><![CDATA[Otros cuatro pacientes más han muerto de gripe, son ya 19 #URL#]]></document>
		<document><![CDATA[10 cosas que debes saber sobre tu tipo de sangre #URL#]]></document>
		<document><![CDATA[7 y 8 Noviembre Streaming en directo XV Jornadas La muerte y el morir #URL#]]></document>
		<document><![CDATA[La intensidad de la gripe comienza a remitir #URL#]]></document>
		<document><![CDATA[Una treintena de espectáculos y el ciclo Manuel de Falla en la temporada de otoño de La Lechera y el Títere #URL#]]></document>
		<document><![CDATA[Una muerta y trece heridos en un accidente en la AP-6 en Segovia debido a una fuerte granizada #URL#]]></document>
		<document><![CDATA[El doctor Libistone comienza a dar pistas sobre los exámenes que va a realizar el próximo Concurso #URL#]]></document>
		<document><![CDATA['El Lobo' Mikel Lejarza: "Puigdemont y Oleguer Pujol eran parte de Terra Lliure" #URL#]]></document>
		<document><![CDATA[Acabo de hacerme socio de #USER# para cuidar la salud emocional de las personas y prevenir el suicidio #URL#]]></document>
		<document><![CDATA[Suerte la mía Albita Alba Molina Montoya y encima Molina y Montoya !!!! #URL#]]></document>
		<document><![CDATA[‘El juego de la muerte’: el peligroso reto viral que ha llegado a España #URL#]]></document>
	</documents>
</author>