<author lang="es">
	<documents>
		<document><![CDATA[RT #USER#: Hace unos años ser mileurista era la catástrofe.

Ahora ser mileurista pone en peligro la economía.

Para que os hagáis u…]]></document>
		<document><![CDATA[RT #USER#: Eduardo Casanova reivindica en los goya la importancia de hacer cultura antifascista sin nombrar a ningún partido.

Los v…]]></document>
		<document><![CDATA[RT #USER#: Atención, navegantes:

Que sepais que #USER# se deja influenciar por una caterva de usuarios, que se reúnen de forma cla…]]></document>
		<document><![CDATA[RT #USER#: —Que seas feliz.
—Ya lo soy.
—Pues que te den por culo.]]></document>
		<document><![CDATA[#USER# #USER# Ya... Pero teniendo en cuenta tu pasado PPepero, ya tal... 🧐]]></document>
		<document><![CDATA[#USER# Hombre, muy original no es... 🙄]]></document>
		<document><![CDATA[RT #USER#: – Estaba pensando qué coño me pongo y he dicho: este. #URL#]]></document>
		<document><![CDATA[#USER# Tú te lo pierdes, tío bueno... #URL#]]></document>
		<document><![CDATA[RT #USER#: Ahí le has dado a los ultraliberales.]]></document>
		<document><![CDATA[RT #USER#: Pues Aznar se reunía con ETA y no os escucho reprocharle nada]]></document>
		<document><![CDATA[RT #USER#: El Ministerio de Cultura dará una subvención a Arturo Pérez-Reverte para que pueda financiar su proyecto de callarse la b…]]></document>
		<document><![CDATA[#USER# La semicorchea no es una marca de ropa]]></document>
		<document><![CDATA[RT #USER#: Todo lo que te dicen las derechas sobre el cine español es más falso que un euro de corcho. Aquí el guión que desmonta…]]></document>
		<document><![CDATA[RT #USER#: Buenos días, tengan ustedes. #URL#]]></document>
		<document><![CDATA[RT #USER#: Escribo un articulo y me abren expediente con falta grave.

Se llevan a un civil a pegar tiros a un campo de tiro milit…]]></document>
		<document><![CDATA[RT #USER#: Cuando me muera quiero juntarme con Pepe Rubianes, Manuel Vázquez Montalbán e Ivà. Con nadie más. Dicho queda.]]></document>
		<document><![CDATA[#USER# Te entiendo perfectamente 😩😩😩]]></document>
		<document><![CDATA[RT #USER#: Si Franco viviese y fuese invitado a los programas televisivos de nuestra actualidad, una gran parte de la sociedad lo ve…]]></document>
		<document><![CDATA[#USER# Si no supiera que tu sueldo no te da ni para champiñones, pensaría que te has comído ciertas setas... 🤔]]></document>
		<document><![CDATA[RT #USER#: Hoy los de VOX no van a los Goya, no vaya a ser que aprendan algo.]]></document>
		<document><![CDATA[RT #USER#: Que me voy a por #USER# #URL#]]></document>
		<document><![CDATA[#USER# Por suerte... Si no, continuaría sacando discos...]]></document>
		<document><![CDATA[Casado trata de estirar la polémica sobre Venezuela tras los líos internos del PP y los primeros acuerdos ...

#URL#]]></document>
		<document><![CDATA[RT #USER#: - ¿Te sabes el chiste del perro que se llamaba Miss Tetas?
- Mira, gracias por venir.
- Ay perdona, es que es mi primer pésa…]]></document>
		<document><![CDATA[#USER# Por desgracia, la influencia de la ONU es poca tirando a ninguna]]></document>
		<document><![CDATA[RT #USER#: La verdad es que da mucha confianza que alguien tan moderado y demócrata como Ortega Smith se pueda liar a tiros, sí.]]></document>
		<document><![CDATA[RT #USER#: En España se conoce un caso de "coronavirus". Se llaman Borbones.]]></document>
		<document><![CDATA[#USER# #USER# Pues cuando salgas, al tema...]]></document>
		<document><![CDATA[RT #USER#: No me hubiese creído lo contrario...!✊

No te vas a creer lo que ha pasado en las portadas con la noticia sobre la financi…]]></document>
		<document><![CDATA[RT #USER#: Golpe al cáncer: científicos españoles descubren una forma de frenar tumores cerebrales más letales #URL#…]]></document>
		<document><![CDATA[RT #USER#: Llamazares asume que "no hay espacio electoral" para su partido Actúa #URL#]]></document>
		<document><![CDATA[#USER# Pues bloqueado también 👍]]></document>
		<document><![CDATA[RT #USER#: La verdad sobre las movilizaciones del campo explicada en dos minutos.

Los medios de comunicación quieren hacerte creer…]]></document>
		<document><![CDATA[RT #USER#: Si desemboca en el Cantábrico, es Sella]]></document>
		<document><![CDATA[RT #USER#: Felipe González va a darnos una lección de socialismo por un módico precio.]]></document>
		<document><![CDATA[#USER# #USER# Vete a la mierda...]]></document>
		<document><![CDATA[#USER# Lo que demuestra que cualquier clase de homofobia, clasismo, ect. se supera con dinero. Fuera inmigrantes... A no ser que tengan dinero]]></document>
		<document><![CDATA[RT #USER#: “¡Fuera de mi Andalucía!”: la canción de una comparsa contra el fascismo que se ha vuelto a hacer viral.

En #USER#

h…]]></document>
		<document><![CDATA[RT #USER#: En España el carnet de constitucionalista y el d rojo lo reparte Casado. Además tiene la exclusiva para decir qué polític…]]></document>
		<document><![CDATA[RT #USER#: Tras perder el favor de los dioses, Endiku miró apesadumbrado la pequeña pantalla, dónde se leía el mensaje: "Ha agotado los da…]]></document>
		<document><![CDATA[#USER# Relájate, y saca ánimos de donde puedas 👍👍👍]]></document>
		<document><![CDATA[RT #USER#: España ha creado más de 400.000 empleos en 2019. El Banco de España pronosticó que la subida del SMI llevaría a perder 125.000…]]></document>
		<document><![CDATA[#USER# Calla, hereje comunista...]]></document>
		<document><![CDATA[RT #USER#: Os acordáis de Fernando Esteso y Andrés Pajares? , pues eran tres👇]]></document>
		<document><![CDATA[RT #USER#: Todo mi apoyo a Iñaki Williams. El racismo no tiene cabida en nuestra sociedad. La permisividad ante este tipo de insult…]]></document>
		<document><![CDATA[RT #USER#: Guaidó regresa a Venezuela diciendo que ahora también es presidente de España #URL# #URL#…]]></document>
		<document><![CDATA[RT #USER#: Como se pasan los de #USER# con la iglesia, no? #URL#]]></document>
		<document><![CDATA[#USER# #USER# #USER# #USER# #USER# #USER# #USER# #USER# Pues yo era una monada, y mi crecimiento ha sido inversamente proporcional a mi belleza... Actualmente  parezco un troll]]></document>
		<document><![CDATA[#USER# Ya te digo que lo entiendo, pero no quiero caer en la justicia por nuestra mano, aunque me lo pide el cuerpo como no te puedes hacer una idea...]]></document>
		<document><![CDATA[#USER# Que se alíen con la derecha rancia, y sumen 😩]]></document>
		<document><![CDATA[#USER# Bah, a 1'50 no será muy grande...]]></document>
		<document><![CDATA[RT #USER#: Lo del PP copiando a VOX se les ha ido de las manos.

#URL#]]></document>
		<document><![CDATA[RT #USER#: –Donde caben dos, caben tres.
–For el ghulo no.]]></document>
		<document><![CDATA[#USER# Es una persona dogmática, sin control, que pretende hacer cátedra de todo lo que dice]]></document>
		<document><![CDATA[#USER# #USER# #USER# También... Salen de debajo de las piedras]]></document>
		<document><![CDATA[RT #USER#: Y cien patriotas 
¿Dónde Irán?]]></document>
		<document><![CDATA[#USER# #USER# Putos burgueses...]]></document>
		<document><![CDATA[RT #USER#: Buenos días a todos los Bolivarianos, Chavistas, Etarras de PODEMOS de la extrema izquierda. 😂😂😂]]></document>
		<document><![CDATA[RT #USER#: Deja que la puta vida venga, cariño,con sus jugarretas y altibajos, momentos de felicidad. Que aquí estaremos frente a el…]]></document>
		<document><![CDATA[RT #USER#: Patrimonio contrata por 10.000 euros al mes seguridad privada para la tumba de Franco. Vaya. Ni que fuera un ministerio de…]]></document>
		<document><![CDATA[RT #USER#: Hay gente que no tiene problema en gobernar con esta gente.]]></document>
		<document><![CDATA[RT #USER#: Poco se habla sobre el talentazo dibujantil de #USER# que, unido al atractivo tuitero que le aporta contenidos, nos…]]></document>
		<document><![CDATA[RT #USER#: A Espinosa de los Monteros los iraníes le pagaban 3.000 euros al mes.
Imagino que porque es menos patriota que Abascal, pe…]]></document>
		<document><![CDATA[RT #USER#: ¡¡VAMOS MORTALES!!
Venga vamos, arriba, que va a cerrar el puticluse y tenéis que ir a casa a cambiaros para ir a misa con…]]></document>
		<document><![CDATA[RT #USER#: Sin entrar ahora en otras cosas de China que no me gustan. En lo que son buenos son los mejores.
Anda que si la epidemia…]]></document>
		<document><![CDATA[#USER# Si con esa frase no follas, yo no sé ya... #URL#]]></document>
		<document><![CDATA[Cuando Pérez Reverte se benefició de las ayudas al cine que ahora critica

#URL#]]></document>
		<document><![CDATA[#USER# Lo es...]]></document>
		<document><![CDATA[RT #USER#: Votantes españoles de derechas. Descripción gráfica:

Cs    -&gt; 💩💩💩💩💩
PP    -&gt; 💩💩💩💩💩
VOX -&gt; 💩💩💩💩💩]]></document>
		<document><![CDATA[RT #USER#: Pero es que no os parecéis a los republicanos para nada.
Vosotros seríais una milicia de Alabama  que ha crecido hasta fo…]]></document>
		<document><![CDATA[RT #USER#: En Valencia, Vox niega que los nazis persiguieran a los homosexuales.
Esta gentuza no para de mentir con tal de defender a…]]></document>
		<document><![CDATA[Buenas noches... Mañana más...
#URL#]]></document>
		<document><![CDATA[RT #USER#: Como hijo de padres ultracatólicos y homófobos tengo que decir que siento verdadera pena por los hijos de Espinosa, Abascal,…]]></document>
		<document><![CDATA[RT #USER#: Qué buenos son / 
los padres #HASHTAG# /
Qué buenos son / 
que nos llevan de excursión / 
Arriba España y su Tradición /…]]></document>
		<document><![CDATA[RT #USER#: Espinosa de los Monteros admite que cobró "brevemente" en la campaña de Vox de 2014, financiada por el exilio iraní, pero q…]]></document>
		<document><![CDATA[RT #USER#: Guaidó trata de emular la gira europea de Evita y el PP le facilita aún más honores que Franco a la primera dama argentina…]]></document>
		<document><![CDATA[RT #USER#: Hay eventos de dudosa importancia social, como ver a un tipo de extrema derecha fascinado con las armas -qué obviedad-, que só…]]></document>
		<document><![CDATA[Sabina o Pablo Carbonell: los 'progres' con los que la familia Abascal intentó levantar su garito - El Plural

#URL#]]></document>
		<document><![CDATA[RT #USER#: Muy fan de los camareros que dan los buenos días a los clientes, muy fan.]]></document>
		<document><![CDATA[RT #USER#: De los restos del naufragio de Susana Díaz, surge un nuevo movimiento en el PSOE, surgido no d las trincheras de los desc…]]></document>
		<document><![CDATA[RT #USER#: #USER# Malditos subvencionados. #URL#]]></document>
		<document><![CDATA[#USER# Bueno bueno, llamar famoso a Soto es mucho decir...]]></document>
		<document><![CDATA[#USER# Vergüenza... Ya... 
¿Estás bien..? 🤨🤨]]></document>
		<document><![CDATA[RT #USER#: Cuando trabajas cara al público descubres dos cosas: que tienes mucha más paciencia de lo que creías y que odias a la ra…]]></document>
		<document><![CDATA[#USER# #USER# Os metéis con el puto cuervo porque está bueno]]></document>
		<document><![CDATA[RT #USER#: Tengo que contarlo.
Hoy no salen globos de colores en mi cuenta, pero deberían.
Me acaban de decir que después de cortar,…]]></document>
		<document><![CDATA[#USER# ¡Qué cabrón..!! 😂😂😂😂 #URL#]]></document>
		<document><![CDATA[RT #USER#: Si yo soy ateo ¿Qué cojones hago enseñando el Catecismo a los catolicos?... En serio, conducen sin nadie al volante]]></document>
		<document><![CDATA[RT #USER#: Esto me parece muy relevante porque pone en evidencia la verdadera ideología de VOX 👉🏽Rocío Monasterio (Vox) será investigada…]]></document>
		<document><![CDATA[RT #USER#: S&amp;P alerta de que el 'caso Villarejo' pone en riesgo el 'rating' de BBVA
 #URL# La agencia de calificaci…]]></document>
		<document><![CDATA[#USER# #USER# De eso te hablaba, de lo que he tratado directamente, aparte de lo que lees/oyes de sus dirigentes y como distinguen extranjeros según su cuenta corriente.]]></document>
		<document><![CDATA[#USER# Chinófobo... 😠😠]]></document>
		<document><![CDATA[RT #USER#: —Me gustas mucho.
—Espera a conocerme.]]></document>
		<document><![CDATA[RT #USER#: El PP al servicio de V🤮X o dejar que los maltratadores se acerquen a mi 
La cooperativa trabaja impartiendo este tipo de…]]></document>
		<document><![CDATA[RT #USER#: Este es el nivel de un MIERDA que por mucho que se esfuerce, acabará en la mierda. #HASHTAG#]]></document>
		<document><![CDATA[RT #USER#: Yo me alegro mucho de que nos vayan diciendo minuto a minuto cuántos muertos provoca el corona virus. A ver si con un po…]]></document>
		<document><![CDATA[#USER# Nano 🙋‍♂ Que te den por culo]]></document>
		<document><![CDATA[RT #USER#: #HASHTAG#: Abascal anuncia una querella contra la NASA por dejar entender, con sus imágenes, que la tierra no es plana. "…]]></document>
		<document><![CDATA[#USER# Hijoputa, envidio tu decepción... No te jode...]]></document>
		<document><![CDATA[#USER# #USER# Ya ya... Teorizó sobre un amor ideal y lejano, imposible de lograr y que sería insufrible soportar]]></document>
	</documents>
</author>